﻿<?xml version="1.0" encoding="UTF-8"?>
<tv generator-info-name="WebGrab+Plus/w MDB &amp; REX Postprocess -- version V3.1.8.0 -- Jan van Straaten" generator-info-url="http://www.webgrabplus.com">
  <channel id="41757277">
    <display-name lang="en">VOD Dummy EPG Info</display-name>
    <url>http://www.fixed</url>
  </channel>
  <channel id="49794158_01">
    <display-name lang="en">VOD Dummy EPG Info</display-name>
    <url>http://www.fixed</url>
  </channel>
  <channel id="49794158_02">
    <display-name lang="en">VOD Dummy EPG Info</display-name>
    <url>http://www.fixed</url>
  </channel>
  <channel id="49794158_03">
    <display-name lang="en">VOD Dummy EPG Info</display-name>
    <url>http://www.fixed</url>
  </channel>
  <channel id="49794158_04">
    <display-name lang="en">VOD Dummy EPG Info</display-name>
    <url>http://www.fixed</url>
  </channel>
  <channel id="49794158_05">
    <display-name lang="en">VOD Dummy EPG Info</display-name>
    <url>http://www.fixed</url>
  </channel>
  <channel id="49794158_06">
    <display-name lang="en">VOD Dummy EPG Info</display-name>
    <url>http://www.fixed</url>
  </channel>
  <channel id="40549181">
    <display-name lang="en">VOD Dummy EPG Info</display-name>
    <url>http://www.fixed</url>
  </channel>
  <channel id="41634419">
    <display-name lang="en">VOD Dummy EPG Info</display-name>
    <url>http://www.fixed</url>
  </channel>
  <programme start="20210713000000 +0000" stop="20210713235900 +0000" channel="41757277">
    <title lang="en">#TanyaSaya Season 1</title>
    <desc lang="en">#TanyaSaya Season 1.(n)</desc>
  </programme>
  <programme start="20210714000000 +0000" stop="20210714235900 +0000" channel="41757277">
    <title lang="en">#TanyaSaya Season 1</title>
    <desc lang="en">#TanyaSaya Season 1.(n)</desc>
  </programme>
  <programme start="20210715000000 +0000" stop="20210715235900 +0000" channel="41757277">
    <title lang="en">#TanyaSaya Season 1</title>
    <desc lang="en">#TanyaSaya Season 1.(n)</desc>
  </programme>
  <programme start="20210716000000 +0000" stop="20210716235900 +0000" channel="41757277">
    <title lang="en">#TanyaSaya Season 1</title>
    <desc lang="en">#TanyaSaya Season 1.(n)</desc>
  </programme>
  <programme start="20210717000000 +0000" stop="20210717235900 +0000" channel="41757277">
    <title lang="en">#TanyaSaya Season 1</title>
    <desc lang="en">#TanyaSaya Season 1.(n)</desc>
  </programme>
  <programme start="20210718000000 +0000" stop="20210718235900 +0000" channel="41757277">
    <title lang="en">#TanyaSaya Season 1</title>
    <desc lang="en">#TanyaSaya Season 1.(n)</desc>
  </programme>
  <programme start="20210719000000 +0000" stop="20210719235900 +0000" channel="41757277">
    <title lang="en">#TanyaSaya Season 1</title>
    <desc lang="en">#TanyaSaya Season 1.(n)</desc>
  </programme>
  <programme start="20210720000000 +0000" stop="20210720235900 +0000" channel="41757277">
    <title lang="en">#TanyaSaya Season 1</title>
    <desc lang="en">#TanyaSaya Season 1.(n)</desc>
  </programme>
  <programme start="20210721000000 +0000" stop="20210721235900 +0000" channel="41757277">
    <title lang="en">#TanyaSaya Season 1</title>
    <desc lang="en">#TanyaSaya Season 1.(n)</desc>
  </programme>
  <programme start="20210722000000 +0000" stop="20210722235900 +0000" channel="41757277">
    <title lang="en">#TanyaSaya Season 1</title>
    <desc lang="en">#TanyaSaya Season 1.(n)</desc>
  </programme>
  <programme start="20210723000000 +0000" stop="20210723235900 +0000" channel="41757277">
    <title lang="en">#TanyaSaya Season 1</title>
    <desc lang="en">#TanyaSaya Season 1.(n)</desc>
  </programme>
  <programme start="20210724000000 +0000" stop="20210724235900 +0000" channel="41757277">
    <title lang="en">#TanyaSaya Season 1</title>
    <desc lang="en">#TanyaSaya Season 1.(n)</desc>
  </programme>
  <programme start="20210725000000 +0000" stop="20210725235900 +0000" channel="41757277">
    <title lang="en">#TanyaSaya Season 1</title>
    <desc lang="en">#TanyaSaya Season 1.(n)</desc>
  </programme>
  <programme start="20210726000000 +0000" stop="20210726235900 +0000" channel="41757277">
    <title lang="en">#TanyaSaya Season 1</title>
    <desc lang="en">#TanyaSaya Season 1.(n)</desc>
  </programme>
  <programme start="20210727000000 +0000" stop="20210727235900 +0000" channel="41757277">
    <title lang="en">#TanyaSaya Season 1</title>
    <desc lang="en">#TanyaSaya Season 1.(n)</desc>
  </programme>
  <programme start="20210713000000 +0000" stop="20210713235900 +0000" channel="49794158_01">
    <title lang="en">Air</title>
    <desc lang="en">'AIR' is a surreal short film about a girl struggles in a heavily air-pollution world, and the needs to buy air to survive.(n)</desc>
  </programme>
  <programme start="20210714000000 +0000" stop="20210714235900 +0000" channel="49794158_01">
    <title lang="en">Air</title>
    <desc lang="en">'AIR' is a surreal short film about a girl struggles in a heavily air-pollution world, and the needs to buy air to survive.(n)</desc>
  </programme>
  <programme start="20210715000000 +0000" stop="20210715235900 +0000" channel="49794158_01">
    <title lang="en">Air</title>
    <desc lang="en">'AIR' is a surreal short film about a girl struggles in a heavily air-pollution world, and the needs to buy air to survive.(n)</desc>
  </programme>
  <programme start="20210716000000 +0000" stop="20210716235900 +0000" channel="49794158_01">
    <title lang="en">Air</title>
    <desc lang="en">'AIR' is a surreal short film about a girl struggles in a heavily air-pollution world, and the needs to buy air to survive.(n)</desc>
  </programme>
  <programme start="20210717000000 +0000" stop="20210717235900 +0000" channel="49794158_01">
    <title lang="en">Air</title>
    <desc lang="en">'AIR' is a surreal short film about a girl struggles in a heavily air-pollution world, and the needs to buy air to survive.(n)</desc>
  </programme>
  <programme start="20210718000000 +0000" stop="20210718235900 +0000" channel="49794158_01">
    <title lang="en">Air</title>
    <desc lang="en">'AIR' is a surreal short film about a girl struggles in a heavily air-pollution world, and the needs to buy air to survive.(n)</desc>
  </programme>
  <programme start="20210719000000 +0000" stop="20210719235900 +0000" channel="49794158_01">
    <title lang="en">Air</title>
    <desc lang="en">'AIR' is a surreal short film about a girl struggles in a heavily air-pollution world, and the needs to buy air to survive.(n)</desc>
  </programme>
  <programme start="20210720000000 +0000" stop="20210720235900 +0000" channel="49794158_01">
    <title lang="en">Air</title>
    <desc lang="en">'AIR' is a surreal short film about a girl struggles in a heavily air-pollution world, and the needs to buy air to survive.(n)</desc>
  </programme>
  <programme start="20210721000000 +0000" stop="20210721235900 +0000" channel="49794158_01">
    <title lang="en">Air</title>
    <desc lang="en">'AIR' is a surreal short film about a girl struggles in a heavily air-pollution world, and the needs to buy air to survive.(n)</desc>
  </programme>
  <programme start="20210722000000 +0000" stop="20210722235900 +0000" channel="49794158_01">
    <title lang="en">Air</title>
    <desc lang="en">'AIR' is a surreal short film about a girl struggles in a heavily air-pollution world, and the needs to buy air to survive.(n)</desc>
  </programme>
  <programme start="20210723000000 +0000" stop="20210723235900 +0000" channel="49794158_01">
    <title lang="en">Air</title>
    <desc lang="en">'AIR' is a surreal short film about a girl struggles in a heavily air-pollution world, and the needs to buy air to survive.(n)</desc>
  </programme>
  <programme start="20210724000000 +0000" stop="20210724235900 +0000" channel="49794158_01">
    <title lang="en">Air</title>
    <desc lang="en">'AIR' is a surreal short film about a girl struggles in a heavily air-pollution world, and the needs to buy air to survive.(n)</desc>
  </programme>
  <programme start="20210725000000 +0000" stop="20210725235900 +0000" channel="49794158_01">
    <title lang="en">Air</title>
    <desc lang="en">'AIR' is a surreal short film about a girl struggles in a heavily air-pollution world, and the needs to buy air to survive.(n)</desc>
  </programme>
  <programme start="20210726000000 +0000" stop="20210726235900 +0000" channel="49794158_01">
    <title lang="en">Air</title>
    <desc lang="en">'AIR' is a surreal short film about a girl struggles in a heavily air-pollution world, and the needs to buy air to survive.(n)</desc>
  </programme>
  <programme start="20210727000000 +0000" stop="20210727235900 +0000" channel="49794158_01">
    <title lang="en">Air</title>
    <desc lang="en">'AIR' is a surreal short film about a girl struggles in a heavily air-pollution world, and the needs to buy air to survive.(n)</desc>
  </programme>
  <programme start="20210713000000 +0000" stop="20210713235900 +0000" channel="49794158_02">
    <title lang="en">Alright then...</title>
    <desc lang="en">A story about a toy seller and a price haggler.(n)</desc>
  </programme>
  <programme start="20210714000000 +0000" stop="20210714235900 +0000" channel="49794158_02">
    <title lang="en">Alright then...</title>
    <desc lang="en">A story about a toy seller and a price haggler.(n)</desc>
  </programme>
  <programme start="20210715000000 +0000" stop="20210715235900 +0000" channel="49794158_02">
    <title lang="en">Alright then...</title>
    <desc lang="en">A story about a toy seller and a price haggler.(n)</desc>
  </programme>
  <programme start="20210716000000 +0000" stop="20210716235900 +0000" channel="49794158_02">
    <title lang="en">Alright then...</title>
    <desc lang="en">A story about a toy seller and a price haggler.(n)</desc>
  </programme>
  <programme start="20210717000000 +0000" stop="20210717235900 +0000" channel="49794158_02">
    <title lang="en">Alright then...</title>
    <desc lang="en">A story about a toy seller and a price haggler.(n)</desc>
  </programme>
  <programme start="20210718000000 +0000" stop="20210718235900 +0000" channel="49794158_02">
    <title lang="en">Alright then...</title>
    <desc lang="en">A story about a toy seller and a price haggler.(n)</desc>
  </programme>
  <programme start="20210719000000 +0000" stop="20210719235900 +0000" channel="49794158_02">
    <title lang="en">Alright then...</title>
    <desc lang="en">A story about a toy seller and a price haggler.(n)</desc>
  </programme>
  <programme start="20210720000000 +0000" stop="20210720235900 +0000" channel="49794158_02">
    <title lang="en">Alright then...</title>
    <desc lang="en">A story about a toy seller and a price haggler.(n)</desc>
  </programme>
  <programme start="20210721000000 +0000" stop="20210721235900 +0000" channel="49794158_02">
    <title lang="en">Alright then...</title>
    <desc lang="en">A story about a toy seller and a price haggler.(n)</desc>
  </programme>
  <programme start="20210722000000 +0000" stop="20210722235900 +0000" channel="49794158_02">
    <title lang="en">Alright then...</title>
    <desc lang="en">A story about a toy seller and a price haggler.(n)</desc>
  </programme>
  <programme start="20210723000000 +0000" stop="20210723235900 +0000" channel="49794158_02">
    <title lang="en">Alright then...</title>
    <desc lang="en">A story about a toy seller and a price haggler.(n)</desc>
  </programme>
  <programme start="20210724000000 +0000" stop="20210724235900 +0000" channel="49794158_02">
    <title lang="en">Alright then...</title>
    <desc lang="en">A story about a toy seller and a price haggler.(n)</desc>
  </programme>
  <programme start="20210725000000 +0000" stop="20210725235900 +0000" channel="49794158_02">
    <title lang="en">Alright then...</title>
    <desc lang="en">A story about a toy seller and a price haggler.(n)</desc>
  </programme>
  <programme start="20210726000000 +0000" stop="20210726235900 +0000" channel="49794158_02">
    <title lang="en">Alright then...</title>
    <desc lang="en">A story about a toy seller and a price haggler.(n)</desc>
  </programme>
  <programme start="20210727000000 +0000" stop="20210727235900 +0000" channel="49794158_02">
    <title lang="en">Alright then...</title>
    <desc lang="en">A story about a toy seller and a price haggler.(n)</desc>
  </programme>
  <programme start="20210713000000 +0000" stop="20210713235900 +0000" channel="49794158_03">
    <title lang="en">Balas</title>
    <desc lang="en">Farhan has always been bullied in high school. Yearning for revenge, he plots a way to get, Anir, his nemesis into trouble. He succeeds but realizes that maybe revenge isn't so sweet after all.(n)</desc>
  </programme>
  <programme start="20210714000000 +0000" stop="20210714235900 +0000" channel="49794158_03">
    <title lang="en">Balas</title>
    <desc lang="en">Farhan has always been bullied in high school. Yearning for revenge, he plots a way to get, Anir, his nemesis into trouble. He succeeds but realizes that maybe revenge isn't so sweet after all.(n)</desc>
  </programme>
  <programme start="20210715000000 +0000" stop="20210715235900 +0000" channel="49794158_03">
    <title lang="en">Balas</title>
    <desc lang="en">Farhan has always been bullied in high school. Yearning for revenge, he plots a way to get, Anir, his nemesis into trouble. He succeeds but realizes that maybe revenge isn't so sweet after all.(n)</desc>
  </programme>
  <programme start="20210716000000 +0000" stop="20210716235900 +0000" channel="49794158_03">
    <title lang="en">Balas</title>
    <desc lang="en">Farhan has always been bullied in high school. Yearning for revenge, he plots a way to get, Anir, his nemesis into trouble. He succeeds but realizes that maybe revenge isn't so sweet after all.(n)</desc>
  </programme>
  <programme start="20210717000000 +0000" stop="20210717235900 +0000" channel="49794158_03">
    <title lang="en">Balas</title>
    <desc lang="en">Farhan has always been bullied in high school. Yearning for revenge, he plots a way to get, Anir, his nemesis into trouble. He succeeds but realizes that maybe revenge isn't so sweet after all.(n)</desc>
  </programme>
  <programme start="20210718000000 +0000" stop="20210718235900 +0000" channel="49794158_03">
    <title lang="en">Balas</title>
    <desc lang="en">Farhan has always been bullied in high school. Yearning for revenge, he plots a way to get, Anir, his nemesis into trouble. He succeeds but realizes that maybe revenge isn't so sweet after all.(n)</desc>
  </programme>
  <programme start="20210719000000 +0000" stop="20210719235900 +0000" channel="49794158_03">
    <title lang="en">Balas</title>
    <desc lang="en">Farhan has always been bullied in high school. Yearning for revenge, he plots a way to get, Anir, his nemesis into trouble. He succeeds but realizes that maybe revenge isn't so sweet after all.(n)</desc>
  </programme>
  <programme start="20210720000000 +0000" stop="20210720235900 +0000" channel="49794158_03">
    <title lang="en">Balas</title>
    <desc lang="en">Farhan has always been bullied in high school. Yearning for revenge, he plots a way to get, Anir, his nemesis into trouble. He succeeds but realizes that maybe revenge isn't so sweet after all.(n)</desc>
  </programme>
  <programme start="20210721000000 +0000" stop="20210721235900 +0000" channel="49794158_03">
    <title lang="en">Balas</title>
    <desc lang="en">Farhan has always been bullied in high school. Yearning for revenge, he plots a way to get, Anir, his nemesis into trouble. He succeeds but realizes that maybe revenge isn't so sweet after all.(n)</desc>
  </programme>
  <programme start="20210722000000 +0000" stop="20210722235900 +0000" channel="49794158_03">
    <title lang="en">Balas</title>
    <desc lang="en">Farhan has always been bullied in high school. Yearning for revenge, he plots a way to get, Anir, his nemesis into trouble. He succeeds but realizes that maybe revenge isn't so sweet after all.(n)</desc>
  </programme>
  <programme start="20210723000000 +0000" stop="20210723235900 +0000" channel="49794158_03">
    <title lang="en">Balas</title>
    <desc lang="en">Farhan has always been bullied in high school. Yearning for revenge, he plots a way to get, Anir, his nemesis into trouble. He succeeds but realizes that maybe revenge isn't so sweet after all.(n)</desc>
  </programme>
  <programme start="20210724000000 +0000" stop="20210724235900 +0000" channel="49794158_03">
    <title lang="en">Balas</title>
    <desc lang="en">Farhan has always been bullied in high school. Yearning for revenge, he plots a way to get, Anir, his nemesis into trouble. He succeeds but realizes that maybe revenge isn't so sweet after all.(n)</desc>
  </programme>
  <programme start="20210725000000 +0000" stop="20210725235900 +0000" channel="49794158_03">
    <title lang="en">Balas</title>
    <desc lang="en">Farhan has always been bullied in high school. Yearning for revenge, he plots a way to get, Anir, his nemesis into trouble. He succeeds but realizes that maybe revenge isn't so sweet after all.(n)</desc>
  </programme>
  <programme start="20210726000000 +0000" stop="20210726235900 +0000" channel="49794158_03">
    <title lang="en">Balas</title>
    <desc lang="en">Farhan has always been bullied in high school. Yearning for revenge, he plots a way to get, Anir, his nemesis into trouble. He succeeds but realizes that maybe revenge isn't so sweet after all.(n)</desc>
  </programme>
  <programme start="20210727000000 +0000" stop="20210727235900 +0000" channel="49794158_03">
    <title lang="en">Balas</title>
    <desc lang="en">Farhan has always been bullied in high school. Yearning for revenge, he plots a way to get, Anir, his nemesis into trouble. He succeeds but realizes that maybe revenge isn't so sweet after all.(n)</desc>
  </programme>
  <programme start="20210713000000 +0000" stop="20210713235900 +0000" channel="49794158_04">
    <title lang="en">Ban</title>
    <desc lang="en">A soft spoken mortician gets a work partner during a night shift in the morgue.(n)</desc>
  </programme>
  <programme start="20210714000000 +0000" stop="20210714235900 +0000" channel="49794158_04">
    <title lang="en">Ban</title>
    <desc lang="en">A soft spoken mortician gets a work partner during a night shift in the morgue.(n)</desc>
  </programme>
  <programme start="20210715000000 +0000" stop="20210715235900 +0000" channel="49794158_04">
    <title lang="en">Ban</title>
    <desc lang="en">A soft spoken mortician gets a work partner during a night shift in the morgue.(n)</desc>
  </programme>
  <programme start="20210716000000 +0000" stop="20210716235900 +0000" channel="49794158_04">
    <title lang="en">Ban</title>
    <desc lang="en">A soft spoken mortician gets a work partner during a night shift in the morgue.(n)</desc>
  </programme>
  <programme start="20210717000000 +0000" stop="20210717235900 +0000" channel="49794158_04">
    <title lang="en">Ban</title>
    <desc lang="en">A soft spoken mortician gets a work partner during a night shift in the morgue.(n)</desc>
  </programme>
  <programme start="20210718000000 +0000" stop="20210718235900 +0000" channel="49794158_04">
    <title lang="en">Ban</title>
    <desc lang="en">A soft spoken mortician gets a work partner during a night shift in the morgue.(n)</desc>
  </programme>
  <programme start="20210719000000 +0000" stop="20210719235900 +0000" channel="49794158_04">
    <title lang="en">Ban</title>
    <desc lang="en">A soft spoken mortician gets a work partner during a night shift in the morgue.(n)</desc>
  </programme>
  <programme start="20210720000000 +0000" stop="20210720235900 +0000" channel="49794158_04">
    <title lang="en">Ban</title>
    <desc lang="en">A soft spoken mortician gets a work partner during a night shift in the morgue.(n)</desc>
  </programme>
  <programme start="20210721000000 +0000" stop="20210721235900 +0000" channel="49794158_04">
    <title lang="en">Ban</title>
    <desc lang="en">A soft spoken mortician gets a work partner during a night shift in the morgue.(n)</desc>
  </programme>
  <programme start="20210722000000 +0000" stop="20210722235900 +0000" channel="49794158_04">
    <title lang="en">Ban</title>
    <desc lang="en">A soft spoken mortician gets a work partner during a night shift in the morgue.(n)</desc>
  </programme>
  <programme start="20210723000000 +0000" stop="20210723235900 +0000" channel="49794158_04">
    <title lang="en">Ban</title>
    <desc lang="en">A soft spoken mortician gets a work partner during a night shift in the morgue.(n)</desc>
  </programme>
  <programme start="20210724000000 +0000" stop="20210724235900 +0000" channel="49794158_04">
    <title lang="en">Ban</title>
    <desc lang="en">A soft spoken mortician gets a work partner during a night shift in the morgue.(n)</desc>
  </programme>
  <programme start="20210725000000 +0000" stop="20210725235900 +0000" channel="49794158_04">
    <title lang="en">Ban</title>
    <desc lang="en">A soft spoken mortician gets a work partner during a night shift in the morgue.(n)</desc>
  </programme>
  <programme start="20210726000000 +0000" stop="20210726235900 +0000" channel="49794158_04">
    <title lang="en">Ban</title>
    <desc lang="en">A soft spoken mortician gets a work partner during a night shift in the morgue.(n)</desc>
  </programme>
  <programme start="20210727000000 +0000" stop="20210727235900 +0000" channel="49794158_04">
    <title lang="en">Ban</title>
    <desc lang="en">A soft spoken mortician gets a work partner during a night shift in the morgue.(n)</desc>
  </programme>
  <programme start="20210713000000 +0000" stop="20210713235900 +0000" channel="49794158_05">
    <title lang="en">Dirt</title>
    <desc lang="en">A dangerous tale about Uber riding.(n)</desc>
  </programme>
  <programme start="20210714000000 +0000" stop="20210714235900 +0000" channel="49794158_05">
    <title lang="en">Dirt</title>
    <desc lang="en">A dangerous tale about Uber riding.(n)</desc>
  </programme>
  <programme start="20210715000000 +0000" stop="20210715235900 +0000" channel="49794158_05">
    <title lang="en">Dirt</title>
    <desc lang="en">A dangerous tale about Uber riding.(n)</desc>
  </programme>
  <programme start="20210716000000 +0000" stop="20210716235900 +0000" channel="49794158_05">
    <title lang="en">Dirt</title>
    <desc lang="en">A dangerous tale about Uber riding.(n)</desc>
  </programme>
  <programme start="20210717000000 +0000" stop="20210717235900 +0000" channel="49794158_05">
    <title lang="en">Dirt</title>
    <desc lang="en">A dangerous tale about Uber riding.(n)</desc>
  </programme>
  <programme start="20210718000000 +0000" stop="20210718235900 +0000" channel="49794158_05">
    <title lang="en">Dirt</title>
    <desc lang="en">A dangerous tale about Uber riding.(n)</desc>
  </programme>
  <programme start="20210719000000 +0000" stop="20210719235900 +0000" channel="49794158_05">
    <title lang="en">Dirt</title>
    <desc lang="en">A dangerous tale about Uber riding.(n)</desc>
  </programme>
  <programme start="20210720000000 +0000" stop="20210720235900 +0000" channel="49794158_05">
    <title lang="en">Dirt</title>
    <desc lang="en">A dangerous tale about Uber riding.(n)</desc>
  </programme>
  <programme start="20210721000000 +0000" stop="20210721235900 +0000" channel="49794158_05">
    <title lang="en">Dirt</title>
    <desc lang="en">A dangerous tale about Uber riding.(n)</desc>
  </programme>
  <programme start="20210722000000 +0000" stop="20210722235900 +0000" channel="49794158_05">
    <title lang="en">Dirt</title>
    <desc lang="en">A dangerous tale about Uber riding.(n)</desc>
  </programme>
  <programme start="20210723000000 +0000" stop="20210723235900 +0000" channel="49794158_05">
    <title lang="en">Dirt</title>
    <desc lang="en">A dangerous tale about Uber riding.(n)</desc>
  </programme>
  <programme start="20210724000000 +0000" stop="20210724235900 +0000" channel="49794158_05">
    <title lang="en">Dirt</title>
    <desc lang="en">A dangerous tale about Uber riding.(n)</desc>
  </programme>
  <programme start="20210725000000 +0000" stop="20210725235900 +0000" channel="49794158_05">
    <title lang="en">Dirt</title>
    <desc lang="en">A dangerous tale about Uber riding.(n)</desc>
  </programme>
  <programme start="20210726000000 +0000" stop="20210726235900 +0000" channel="49794158_05">
    <title lang="en">Dirt</title>
    <desc lang="en">A dangerous tale about Uber riding.(n)</desc>
  </programme>
  <programme start="20210727000000 +0000" stop="20210727235900 +0000" channel="49794158_05">
    <title lang="en">Dirt</title>
    <desc lang="en">A dangerous tale about Uber riding.(n)</desc>
  </programme>
  <programme start="20210713000000 +0000" stop="20210713235900 +0000" channel="49794158_06">
    <title lang="en">Hidden Gems</title>
    <desc lang="en">A close look into a handicapped home in Johor - and the lives of the residents with their caretakers.(n)</desc>
  </programme>
  <programme start="20210714000000 +0000" stop="20210714235900 +0000" channel="49794158_06">
    <title lang="en">Hidden Gems</title>
    <desc lang="en">A close look into a handicapped home in Johor - and the lives of the residents with their caretakers.(n)</desc>
  </programme>
  <programme start="20210715000000 +0000" stop="20210715235900 +0000" channel="49794158_06">
    <title lang="en">Hidden Gems</title>
    <desc lang="en">A close look into a handicapped home in Johor - and the lives of the residents with their caretakers.(n)</desc>
  </programme>
  <programme start="20210716000000 +0000" stop="20210716235900 +0000" channel="49794158_06">
    <title lang="en">Hidden Gems</title>
    <desc lang="en">A close look into a handicapped home in Johor - and the lives of the residents with their caretakers.(n)</desc>
  </programme>
  <programme start="20210717000000 +0000" stop="20210717235900 +0000" channel="49794158_06">
    <title lang="en">Hidden Gems</title>
    <desc lang="en">A close look into a handicapped home in Johor - and the lives of the residents with their caretakers.(n)</desc>
  </programme>
  <programme start="20210718000000 +0000" stop="20210718235900 +0000" channel="49794158_06">
    <title lang="en">Hidden Gems</title>
    <desc lang="en">A close look into a handicapped home in Johor - and the lives of the residents with their caretakers.(n)</desc>
  </programme>
  <programme start="20210719000000 +0000" stop="20210719235900 +0000" channel="49794158_06">
    <title lang="en">Hidden Gems</title>
    <desc lang="en">A close look into a handicapped home in Johor - and the lives of the residents with their caretakers.(n)</desc>
  </programme>
  <programme start="20210720000000 +0000" stop="20210720235900 +0000" channel="49794158_06">
    <title lang="en">Hidden Gems</title>
    <desc lang="en">A close look into a handicapped home in Johor - and the lives of the residents with their caretakers.(n)</desc>
  </programme>
  <programme start="20210721000000 +0000" stop="20210721235900 +0000" channel="49794158_06">
    <title lang="en">Hidden Gems</title>
    <desc lang="en">A close look into a handicapped home in Johor - and the lives of the residents with their caretakers.(n)</desc>
  </programme>
  <programme start="20210722000000 +0000" stop="20210722235900 +0000" channel="49794158_06">
    <title lang="en">Hidden Gems</title>
    <desc lang="en">A close look into a handicapped home in Johor - and the lives of the residents with their caretakers.(n)</desc>
  </programme>
  <programme start="20210723000000 +0000" stop="20210723235900 +0000" channel="49794158_06">
    <title lang="en">Hidden Gems</title>
    <desc lang="en">A close look into a handicapped home in Johor - and the lives of the residents with their caretakers.(n)</desc>
  </programme>
  <programme start="20210724000000 +0000" stop="20210724235900 +0000" channel="49794158_06">
    <title lang="en">Hidden Gems</title>
    <desc lang="en">A close look into a handicapped home in Johor - and the lives of the residents with their caretakers.(n)</desc>
  </programme>
  <programme start="20210725000000 +0000" stop="20210725235900 +0000" channel="49794158_06">
    <title lang="en">Hidden Gems</title>
    <desc lang="en">A close look into a handicapped home in Johor - and the lives of the residents with their caretakers.(n)</desc>
  </programme>
  <programme start="20210726000000 +0000" stop="20210726235900 +0000" channel="49794158_06">
    <title lang="en">Hidden Gems</title>
    <desc lang="en">A close look into a handicapped home in Johor - and the lives of the residents with their caretakers.(n)</desc>
  </programme>
  <programme start="20210727000000 +0000" stop="20210727235900 +0000" channel="49794158_06">
    <title lang="en">Hidden Gems</title>
    <desc lang="en">A close look into a handicapped home in Johor - and the lives of the residents with their caretakers.(n)</desc>
  </programme>
  <programme start="20210713000000 +0000" stop="20210713235900 +0000" channel="40549181">
    <title lang="en">DW Try This!</title>
    <desc lang="en">You simply have to try this! Recipes from all over the world to make your mouth water and inspire you to try the dishes out at home. Bon appetite!(n)</desc>
  </programme>
  <programme start="20210714000000 +0000" stop="20210714235900 +0000" channel="40549181">
    <title lang="en">DW Try This!</title>
    <desc lang="en">You simply have to try this! Recipes from all over the world to make your mouth water and inspire you to try the dishes out at home. Bon appetite!(n)</desc>
  </programme>
  <programme start="20210715000000 +0000" stop="20210715235900 +0000" channel="40549181">
    <title lang="en">DW Try This!</title>
    <desc lang="en">You simply have to try this! Recipes from all over the world to make your mouth water and inspire you to try the dishes out at home. Bon appetite!(n)</desc>
  </programme>
  <programme start="20210716000000 +0000" stop="20210716235900 +0000" channel="40549181">
    <title lang="en">DW Try This!</title>
    <desc lang="en">You simply have to try this! Recipes from all over the world to make your mouth water and inspire you to try the dishes out at home. Bon appetite!(n)</desc>
  </programme>
  <programme start="20210717000000 +0000" stop="20210717235900 +0000" channel="40549181">
    <title lang="en">DW Try This!</title>
    <desc lang="en">You simply have to try this! Recipes from all over the world to make your mouth water and inspire you to try the dishes out at home. Bon appetite!(n)</desc>
  </programme>
  <programme start="20210718000000 +0000" stop="20210718235900 +0000" channel="40549181">
    <title lang="en">DW Try This!</title>
    <desc lang="en">You simply have to try this! Recipes from all over the world to make your mouth water and inspire you to try the dishes out at home. Bon appetite!(n)</desc>
  </programme>
  <programme start="20210719000000 +0000" stop="20210719235900 +0000" channel="40549181">
    <title lang="en">DW Try This!</title>
    <desc lang="en">You simply have to try this! Recipes from all over the world to make your mouth water and inspire you to try the dishes out at home. Bon appetite!(n)</desc>
  </programme>
  <programme start="20210720000000 +0000" stop="20210720235900 +0000" channel="40549181">
    <title lang="en">DW Try This!</title>
    <desc lang="en">You simply have to try this! Recipes from all over the world to make your mouth water and inspire you to try the dishes out at home. Bon appetite!(n)</desc>
  </programme>
  <programme start="20210721000000 +0000" stop="20210721235900 +0000" channel="40549181">
    <title lang="en">DW Try This!</title>
    <desc lang="en">You simply have to try this! Recipes from all over the world to make your mouth water and inspire you to try the dishes out at home. Bon appetite!(n)</desc>
  </programme>
  <programme start="20210722000000 +0000" stop="20210722235900 +0000" channel="40549181">
    <title lang="en">DW Try This!</title>
    <desc lang="en">You simply have to try this! Recipes from all over the world to make your mouth water and inspire you to try the dishes out at home. Bon appetite!(n)</desc>
  </programme>
  <programme start="20210723000000 +0000" stop="20210723235900 +0000" channel="40549181">
    <title lang="en">DW Try This!</title>
    <desc lang="en">You simply have to try this! Recipes from all over the world to make your mouth water and inspire you to try the dishes out at home. Bon appetite!(n)</desc>
  </programme>
  <programme start="20210724000000 +0000" stop="20210724235900 +0000" channel="40549181">
    <title lang="en">DW Try This!</title>
    <desc lang="en">You simply have to try this! Recipes from all over the world to make your mouth water and inspire you to try the dishes out at home. Bon appetite!(n)</desc>
  </programme>
  <programme start="20210725000000 +0000" stop="20210725235900 +0000" channel="40549181">
    <title lang="en">DW Try This!</title>
    <desc lang="en">You simply have to try this! Recipes from all over the world to make your mouth water and inspire you to try the dishes out at home. Bon appetite!(n)</desc>
  </programme>
  <programme start="20210726000000 +0000" stop="20210726235900 +0000" channel="40549181">
    <title lang="en">DW Try This!</title>
    <desc lang="en">You simply have to try this! Recipes from all over the world to make your mouth water and inspire you to try the dishes out at home. Bon appetite!(n)</desc>
  </programme>
  <programme start="20210727000000 +0000" stop="20210727235900 +0000" channel="40549181">
    <title lang="en">DW Try This!</title>
    <desc lang="en">You simply have to try this! Recipes from all over the world to make your mouth water and inspire you to try the dishes out at home. Bon appetite!(n)</desc>
  </programme>
  <programme start="20210713000000 +0000" stop="20210713235900 +0000" channel="41634419">
    <title lang="en">#apakatamereka</title>
    <desc lang="en">Mari ikuti apa kata para jurulatih perlawan Liga Super 2 CIMB Malaysia selepas permainan yang mendebarkan ini.(n)</desc>
  </programme>
  <programme start="20210714000000 +0000" stop="20210714235900 +0000" channel="41634419">
    <title lang="en">#apakatamereka</title>
    <desc lang="en">Mari ikuti apa kata para jurulatih perlawan Liga Super 2 CIMB Malaysia selepas permainan yang mendebarkan ini.(n)</desc>
  </programme>
  <programme start="20210715000000 +0000" stop="20210715235900 +0000" channel="41634419">
    <title lang="en">#apakatamereka</title>
    <desc lang="en">Mari ikuti apa kata para jurulatih perlawan Liga Super 2 CIMB Malaysia selepas permainan yang mendebarkan ini.(n)</desc>
  </programme>
  <programme start="20210716000000 +0000" stop="20210716235900 +0000" channel="41634419">
    <title lang="en">#apakatamereka</title>
    <desc lang="en">Mari ikuti apa kata para jurulatih perlawan Liga Super 2 CIMB Malaysia selepas permainan yang mendebarkan ini.(n)</desc>
  </programme>
  <programme start="20210717000000 +0000" stop="20210717235900 +0000" channel="41634419">
    <title lang="en">#apakatamereka</title>
    <desc lang="en">Mari ikuti apa kata para jurulatih perlawan Liga Super 2 CIMB Malaysia selepas permainan yang mendebarkan ini.(n)</desc>
  </programme>
  <programme start="20210718000000 +0000" stop="20210718235900 +0000" channel="41634419">
    <title lang="en">#apakatamereka</title>
    <desc lang="en">Mari ikuti apa kata para jurulatih perlawan Liga Super 2 CIMB Malaysia selepas permainan yang mendebarkan ini.(n)</desc>
  </programme>
  <programme start="20210719000000 +0000" stop="20210719235900 +0000" channel="41634419">
    <title lang="en">#apakatamereka</title>
    <desc lang="en">Mari ikuti apa kata para jurulatih perlawan Liga Super 2 CIMB Malaysia selepas permainan yang mendebarkan ini.(n)</desc>
  </programme>
  <programme start="20210720000000 +0000" stop="20210720235900 +0000" channel="41634419">
    <title lang="en">#apakatamereka</title>
    <desc lang="en">Mari ikuti apa kata para jurulatih perlawan Liga Super 2 CIMB Malaysia selepas permainan yang mendebarkan ini.(n)</desc>
  </programme>
  <programme start="20210721000000 +0000" stop="20210721235900 +0000" channel="41634419">
    <title lang="en">#apakatamereka</title>
    <desc lang="en">Mari ikuti apa kata para jurulatih perlawan Liga Super 2 CIMB Malaysia selepas permainan yang mendebarkan ini.(n)</desc>
  </programme>
  <programme start="20210722000000 +0000" stop="20210722235900 +0000" channel="41634419">
    <title lang="en">#apakatamereka</title>
    <desc lang="en">Mari ikuti apa kata para jurulatih perlawan Liga Super 2 CIMB Malaysia selepas permainan yang mendebarkan ini.(n)</desc>
  </programme>
  <programme start="20210723000000 +0000" stop="20210723235900 +0000" channel="41634419">
    <title lang="en">#apakatamereka</title>
    <desc lang="en">Mari ikuti apa kata para jurulatih perlawan Liga Super 2 CIMB Malaysia selepas permainan yang mendebarkan ini.(n)</desc>
  </programme>
  <programme start="20210724000000 +0000" stop="20210724235900 +0000" channel="41634419">
    <title lang="en">#apakatamereka</title>
    <desc lang="en">Mari ikuti apa kata para jurulatih perlawan Liga Super 2 CIMB Malaysia selepas permainan yang mendebarkan ini.(n)</desc>
  </programme>
  <programme start="20210725000000 +0000" stop="20210725235900 +0000" channel="41634419">
    <title lang="en">#apakatamereka</title>
    <desc lang="en">Mari ikuti apa kata para jurulatih perlawan Liga Super 2 CIMB Malaysia selepas permainan yang mendebarkan ini.(n)</desc>
  </programme>
  <programme start="20210726000000 +0000" stop="20210726235900 +0000" channel="41634419">
    <title lang="en">#apakatamereka</title>
    <desc lang="en">Mari ikuti apa kata para jurulatih perlawan Liga Super 2 CIMB Malaysia selepas permainan yang mendebarkan ini.(n)</desc>
  </programme>
  <programme start="20210727000000 +0000" stop="20210727235900 +0000" channel="41634419">
    <title lang="en">#apakatamereka</title>
    <desc lang="en">Mari ikuti apa kata para jurulatih perlawan Liga Super 2 CIMB Malaysia selepas permainan yang mendebarkan ini.(n)</desc>
  </programme>
</tv>