<?xml version="1.0"?>
<settings>
   
  <!-- for detailed info about the settings see http://webgrabplus.com/documentation/configuration/webgrabconfigxml -->
   
  <filename>G:\git-working\univod-guide\vod.xml</filename>
  <mode></mode>
  <postprocess grab="y" run="n">mdb</postprocess>
  <user-agent>Mozilla/5.0 (Windows NT 10.0; Win64; x64) AppleWebKit/537.36 (KHTML, like Gecko) Chrome/89.0.4389.114 Safari/537.36</user-agent>
  <logging>on</logging>
  <retry time-out="5">4</retry>
  <timespan>14</timespan>
<license wg-username="hantu08" registered-email="khalis.zhafri@gmail.com" password="7624a90d"></license>
  <channel update="f" site="fixed" site_id="
  00:00-23:59
  ##title:#TanyaSaya Season 1
  ##description: #TanyaSaya Season 1
  ####"
  xmltv_id="41757277">VOD Dummy EPG Info</channel>
  <channel update="f" site="fixed" site_id="
  00:00-23:59
  ##title:Air
  ##description: 'AIR' is a surreal short film about a girl struggles in a heavily air-pollution world, and the needs to buy air to survive
  ####"
  xmltv_id="49794158_01">VOD Dummy EPG Info</channel>
  <channel update="f" site="fixed" site_id="
  00:00-23:59
  ##title:Alright then...
  ##description: A story about a toy seller and a price haggler
  ####"
  xmltv_id="49794158_02">VOD Dummy EPG Info</channel>
  <channel update="f" site="fixed" site_id="
  00:00-23:59
  ##title:Balas
  ##description: Farhan has always been bullied in high school. Yearning for revenge, he plots a way to get, Anir, his nemesis into trouble. He succeeds but realizes that maybe revenge isn't so sweet after all
  ####"
  xmltv_id="49794158_03">VOD Dummy EPG Info</channel>
  <channel update="f" site="fixed" site_id="
  00:00-23:59
  ##title:Ban
  ##description: A soft spoken mortician gets a work partner during a night shift in the morgue
  ####"
  xmltv_id="49794158_04">VOD Dummy EPG Info</channel>
  <channel update="f" site="fixed" site_id="
  00:00-23:59
  ##title:Dirt
  ##description: A dangerous tale about Uber riding
  ####"
  xmltv_id="49794158_05">VOD Dummy EPG Info</channel>
  <channel update="f" site="fixed" site_id="
  00:00-23:59
  ##title:Hidden Gems
  ##description: A close look into a handicapped home in Johor - and the lives of the residents with their caretakers
  ####"
  xmltv_id="49794158_06">VOD Dummy EPG Info</channel>
  <channel update="f" site="fixed" site_id="
  00:00-23:59
  ##title:DW Try This!
  ##description: You simply have to try this! Recipes from all over the world to make your mouth water and inspire you to try the dishes out at home. Bon appetite!
  ####"
  xmltv_id="40549181">VOD Dummy EPG Info</channel>
  <channel update="f" site="fixed" site_id="
  00:00-23:59
  ##title:#apakatamereka
  ##description: Mari ikuti apa kata para jurulatih perlawan Liga Super 2 CIMB Malaysia selepas permainan yang mendebarkan ini
  ####"
  xmltv_id="41634419">VOD Dummy EPG Info</channel>